Carrier Code,Date (MM/DD/YYYY),Flight Number,Tail Number,Destination Airport,Scheduled departure time,Actual departure time,Scheduled elapsed time (Minutes),Actual elapsed time (Minutes),Departure delay (Minutes),Wheels-off time,Taxi-Out time (Minutes),Delay Carrier (Minutes),Delay Weather (Minutes),Delay National Aviation System (Minutes),Delay Security (Minutes),Delay Late Aircraft Arrival (Minutes)
AS,9/30/2025,6,N801AK,DCA,12:47,12:39,312,283,-8,12:53,14,0,0,0,0,0
AS,9/30/2025,193,N720AL,ANC,19:59,19:52,335,315,-7,20:07,15,0,0,0,0,0
AS,9/30/2025,282,N985AK,EWR,21:26,21:23,333,304,-3,21:41,18,0,0,0,0,0
AS,9/30/2025,284,N291BT,EWR,7:00,6:52,336,309,-8,7:13,21,0,0,0,0,0
AS,9/30/2025,560,N513AS,KOA,8:07,7:57,340,339,-10,8:18,21,0,0,0,0,0
AS,9/30/2025,1083,N528AS,SEA,14:06,13:54,172,168,-12,14:17,23,0,0,0,0,0
AS,9/30/2025,1093,N546AS,SEA,18:45,18:57,171,179,12,19:11,14,0,0,8,0,12
AS,9/30/2025,1124,N549AS,PDX,7:00,7:59,146,151,59,8:21,22,59,0,5,0,0
AS,9/30/2025,1147,N570AS,SEA,15:40,15:35,165,164,-5,15:51,16,0,0,0,0,0
AS,9/30/2025,1167,N530AS,PDX,16:48,16:38,142,140,-10,16:54,16,0,0,0,0,0
AS,9/30/2025,1178,N287AK,SEA,7:00,6:49,177,181,-11,7:14,25,0,0,0,0,0
AS,9/30/2025,1179,N581AS,SEA,8:00,7:49,178,211,-11,8:03,14,0,0,22,0,0
AS,9/30/2025,1240,N263AK,PDX,11:00,10:56,144,140,-4,11:12,16,0,0,0,0,0
AS,9/30/2025,1280,N974AK,GEG,19:50,19:45,155,144,-5,20:01,16,0,0,0,0,0
AS,9/30/2025,1293,N813AK,SEA,6:00,5:59,174,177,-1,6:27,28,0,0,0,0,0
AS,9/30/2025,1301,N707AL,SEA,17:36,17:30,168,167,-6,17:43,13,0,0,0,0,0
AS,9/30/2025,1305,N732AL,SEA,12:00,12:04,172,181,4,12:37,33,0,0,0,0,0
AS,9/30/2025,1315,N538AS,PDX,14:06,14:01,144,134,-5,14:19,18,0,0,0,0,0
AS,9/30/2025,1317,N537AS,SEA,10:00,9:50,174,162,-10,10:07,17,0,0,0,0,0
AS,9/30/2025,1397,N268AK,PDX,18:07,18:01,143,157,-6,18:31,30,0,0,0,0,0
AA,9/30/2025,2,N109NN,JFK,7:00,6:49,333,314,-11,7:01,12,0,0,0,0,0
AA,9/30/2025,4,N111ZM,JFK,15:20,15:13,332,315,-7,15:26,13,0,0,0,0,0
AA,9/30/2025,10,N104NN,JFK,22:05,21:55,327,326,-10,22:19,24,0,0,0,0,0
AA,9/30/2025,12,N112AN,BOS,8:30,8:25,337,325,-5,8:38,13,0,0,0,0,0
AA,9/30/2025,28,N116AN,JFK,23:00,23:52,328,324,52,0:06,14,22,0,0,0,26
AA,9/30/2025,31,N457AM,HNL,8:48,8:42,357,348,-6,8:56,14,0,0,0,0,0
AA,9/30/2025,32,N110AN,JFK,11:30,11:23,333,315,-7,11:34,11,0,0,0,0,0
AA,9/30/2025,59,N406AN,KOA,10:58,11:02,344,327,4,11:13,11,0,0,0,0,0
AA,9/30/2025,118,N107NN,JFK,6:00,5:56,332,317,-4,6:12,16,0,0,0,0,0
AA,9/30/2025,119,N402AN,LIH,9:12,9:04,362,343,-8,9:18,14,0,0,0,0,0
AA,9/30/2025,143,N473AN,HNL,15:01,15:00,353,332,-1,15:12,12,0,0,0,0,0
AA,9/30/2025,238,N105NN,JFK,10:20,10:19,334,310,-1,10:37,18,0,0,0,0,0
AA,9/30/2025,271,N440AN,OGG,8:57,8:57,347,326,0,9:12,15,0,0,0,0,0
AA,9/30/2025,274,N106NN,JFK,12:30,13:46,332,318,76,14:08,22,62,0,0,0,0
AA,9/30/2025,297,N451AN,HNL,18:42,18:34,350,330,-8,18:46,12,0,0,0,0,0
AA,9/30/2025,307,N103NN,JFK,8:00,13:36,333,318,336,13:47,11,37,0,0,0,284
AA,9/30/2025,315,N452AN,MIA,22:01,21:58,301,275,-3,22:09,11,0,0,0,0,0
AA,9/30/2025,345,N466AN,MIA,7:35,7:29,308,289,-6,7:47,18,0,0,0,0,0
AA,9/30/2025,383,N813NN,ORD,6:00,5:50,255,228,-10,6:03,13,0,0,0,0,0
AA,9/30/2025,591,N438AN,DCA,13:00,12:53,299,291,-7,13:07,14,0,0,0,0,0
AA,9/30/2025,613,N885NN,ORD,10:30,10:50,257,245,20,11:06,16,0,0,0,0,0
AA,9/30/2025,636,N917UY,CLT,13:56,13:50,292,278,-6,14:12,22,0,0,0,0,0
AA,9/30/2025,753,N920US,ATL,9:02,8:54,264,249,-8,9:13,19,0,0,0,0,0
AA,9/30/2025,776,N449AN,PHL,16:05,16:05,313,305,0,16:23,18,0,0,0,0,0
AA,9/30/2025,1011,N450AN,ORD,9:36,9:31,255,263,-5,9:43,12,0,0,0,0,0
AA,9/30/2025,1024,N901AA,MCO,11:28,12:00,296,265,32,12:10,10,0,0,0,0,0
AA,9/30/2025,1105,N982NN,CLT,10:45,10:37,299,286,-8,10:51,14,0,0,0,0,0
AA,9/30/2025,1221,N405AN,MIA,10:26,10:23,311,281,-3,10:38,15,0,0,0,0,0
AA,9/30/2025,1230,N918US,DFW,11:58,11:58,190,169,0,12:13,15,0,0,0,0,0
AA,9/30/2025,1292,N337PJ,BNA,10:26,10:18,245,231,-8,10:36,18,0,0,0,0,0
AA,9/30/2025,1451,N156UW,PHL,6:10,6:18,312,325,8,6:37,19,8,0,13,0,0
AA,9/30/2025,1499,N446AN,CLT,6:01,6:01,294,278,0,6:21,20,0,0,0,0,0
AA,9/30/2025,1504,N987AN,DFW,18:35,18:23,184,166,-12,18:36,13,0,0,0,0,0
AA,9/30/2025,1528,N413AN,PHL,14:15,14:06,315,297,-9,14:17,11,0,0,0,0,0
AA,9/30/2025,1595,N978UY,ORD,15:17,15:10,245,226,-7,15:21,11,0,0,0,0,0
AA,9/30/2025,1598,N959NN,ORD,7:30,7:22,254,233,-8,7:34,12,0,0,0,0,0
AA,9/30/2025,1659,N142AN,DFW,14:18,14:19,190,175,1,14:29,10,0,0,0,0,0
AA,9/30/2025,1675,N464AA,PHX,19:40,19:38,87,79,-2,19:53,15,0,0,0,0,0
AA,9/30/2025,1853,N838NN,ORD,11:30,14:11,257,224,161,14:23,12,0,0,0,0,128
AA,9/30/2025,1952,N162AA,CLT,7:00,6:54,296,274,-6,7:13,19,0,0,0,0,0
AA,9/30/2025,1972,N798AN,DFW,9:05,9:02,196,176,-3,9:21,19,0,0,0,0,0
AA,9/30/2025,1979,N130AN,ORD,12:45,12:38,258,274,-7,12:47,9,0,0,0,0,0
AA,9/30/2025,1982,N916NN,RDU,9:10,9:32,298,277,22,9:47,15,0,0,0,0,0
AA,9/30/2025,1994,N953NN,PHX,13:20,13:16,90,83,-4,13:30,14,0,0,0,0,0
AA,9/30/2025,2024,N447AN,DFW,15:25,15:25,189,164,0,15:35,10,0,0,0,0,0
AA,9/30/2025,2032,N519UW,PHX,16:26,16:24,88,74,-2,16:35,11,0,0,0,0,0
AA,9/30/2025,2037,N940AN,ORD,18:06,17:51,252,233,-15,18:10,19,0,0,0,0,0
AA,9/30/2025,2091,N437AN,DFW,10:35,10:30,188,169,-5,10:43,13,0,0,0,0,0
AA,9/30/2025,2284,N336RU,MIA,13:40,13:40,310,295,0,13:57,17,0,0,0,0,0
AA,9/30/2025,2311,N409AA,MIA,12:10,12:06,309,284,-4,12:18,12,0,0,0,0,0
AA,9/30/2025,2312,N907AA,PHX,9:55,9:45,88,81,-10,9:59,14,0,0,0,0,0
AA,9/30/2025,2453,N112AN,BOS,22:15,22:29,332,319,14,22:43,14,0,0,0,0,0
AA,9/30/2025,2490,N440AN,DFW,23:59,0:39,180,169,40,0:55,16,29,0,0,0,0
AA,9/30/2025,2511,N988AL,CLT,22:45,22:35,282,271,-10,22:53,18,0,0,0,0,0
AA,9/30/2025,2680,N402AN,CLT,23:41,23:30,284,275,-11,23:47,17,0,0,0,0,0
AA,9/30/2025,2746,N820NN,DFW,13:00,12:58,190,175,-2,13:10,12,0,0,0,0,0
AA,9/30/2025,2757,N913AN,ORD,23:59,23:57,253,241,-2,0:28,31,0,0,0,0,0
AA,9/30/2025,2758,N430AN,PHL,23:00,22:56,305,295,-4,23:11,15,0,0,0,0,0
AA,9/30/2025,2766,N903AA,DFW,7:45,7:39,188,182,-6,7:51,12,0,0,0,0,0
AA,9/30/2025,2777,N457AM,MIA,23:59,23:59,302,300,0,0:29,30,0,0,0,0,0
AA,9/30/2025,2785,N404AN,LAS,19:30,19:22,71,68,-8,19:38,16,0,0,0,0,0
AA,9/30/2025,2811,N838NN,DFW,6:00,6:03,188,164,3,6:20,17,0,0,0,0,0
AA,9/30/2025,2832,N460AN,PHL,9:25,9:19,317,300,-6,9:33,14,0,0,0,0,0
AA,9/30/2025,2850,N424AN,PHL,11:55,11:50,318,300,-5,12:03,13,0,0,0,0,0
AA,9/30/2025,3081,N153UW,DFW,17:00,16:52,190,164,-8,17:03,11,0,0,0,0,0
AA,9/30/2025,3138,N984NN,SFO,17:40,17:33,82,72,-7,17:45,12,0,0,0,0,0
AA,9/30/2025,3283,N445AA,DCA,8:22,8:30,300,300,8,8:44,14,0,0,0,0,0
DL,9/30/2025,311,N525DA,KOA,15:00,14:50,335,319,-10,15:04,14,0,0,0,0,0
DL,9/30/2025,320,N582NW,ATL,23:55,23:56,254,258,1,0:27,31,0,0,0,0,0
DL,9/30/2025,327,N590NW,ATL,10:10,10:06,257,245,-4,10:22,16,0,0,0,0,0
DL,9/30/2025,390,N546DN,ATL,6:15,6:14,260,255,-1,6:35,21,0,0,0,0,0
DL,9/30/2025,392,N707TW,DCA,7:50,7:45,296,300,-5,8:08,23,0,0,0,0,0
DL,9/30/2025,407,N590NW,DTW,22:45,22:39,255,247,-6,22:54,15,0,0,0,0,0
DL,9/30/2025,413,N590DT,MSP,11:25,11:16,217,194,-9,11:28,12,0,0,0,0,0
DL,9/30/2025,420,N346NB,DFW,18:50,18:40,179,166,-10,18:51,11,0,0,0,0,0
DL,9/30/2025,425,N1605,OGG,8:15,8:07,335,317,-8,8:20,13,0,0,0,0,0
DL,9/30/2025,428,N521DT,LIH,14:25,14:24,356,334,-1,14:37,13,0,0,0,0,0
DL,9/30/2025,430,N590DT,MSP,23:30,23:20,218,190,-10,23:32,12,0,0,0,0,0
DL,9/30/2025,437,N709TW,BOS,15:25,15:20,328,319,-5,15:35,15,0,0,0,0,0
DL,9/30/2025,443,N505DZ,HNL,17:50,18:03,345,342,13,18:17,14,0,0,0,0,0
DL,9/30/2025,446,N840MH,ATL,12:15,12:16,255,238,1,12:32,16,0,0,0,0,0
DL,9/30/2025,458,N588DT,CVG,22:30,22:28,247,242,-2,22:40,12,0,0,0,0,0
DL,9/30/2025,465,N1200K,HNL,13:59,13:53,339,371,-6,14:48,55,0,0,26,0,0
DL,9/30/2025,471,N546DN,ATL,17:30,17:18,255,263,-12,17:49,31,0,0,0,0,0
DL,9/30/2025,477,N532DN,FLL,23:00,22:55,290,282,-5,23:12,17,0,0,0,0,0
DL,9/30/2025,480,N518DQ,HNL,8:30,8:30,351,337,0,8:45,15,0,0,0,0,0
DL,9/30/2025,482,N513DA,MCO,7:00,6:49,294,284,-11,7:07,18,0,0,0,0,0
DL,9/30/2025,494,N842DN,DTW,9:05,9:04,263,246,-1,9:17,13,0,0,0,0,0
DL,9/30/2025,507,N721TW,BOS,21:00,20:54,335,310,-6,21:03,9,0,0,0,0,0
DL,9/30/2025,508,N855DN,RDU,11:39,11:33,290,279,-6,11:43,10,0,0,0,0,0
DL,9/30/2025,515,N309DN,ATL,7:15,7:12,257,243,-3,7:27,15,0,0,0,0,0
DL,9/30/2025,521,N346NB,DFW,8:35,8:26,185,180,-9,8:41,15,0,0,0,0,0
DL,9/30/2025,528,N595NW,ATL,11:10,11:04,257,256,-6,11:27,23,0,0,0,0,0
DL,9/30/2025,622,N349NW,AUS,16:15,17:55,177,176,100,18:18,23,99,0,0,0,0
DL,9/30/2025,639,N721TW,BOS,6:45,6:41,334,336,-4,7:02,21,0,0,0,0,0
DL,9/30/2025,692,N374NW,AUS,18:50,23:32,178,171,282,23:52,20,275,0,0,0,0
DL,9/30/2025,708,N319DN,DTW,15:12,15:05,262,248,-7,15:16,11,0,0,0,0,0
DL,9/30/2025,715,N593NW,ATL,14:15,14:06,264,247,-9,14:24,18,0,0,0,0,0
DL,9/30/2025,718,N509DT,MCO,16:10,16:08,289,285,-2,16:25,17,0,0,0,0,0
DL,9/30/2025,733,N378DN,DTW,5:30,5:19,265,251,-11,5:36,17,0,0,0,0,0
DL,9/30/2025,749,N588DT,TPA,10:19,10:13,281,269,-6,10:29,16,0,0,0,0,0
DL,9/30/2025,768,N930DZ,BNA,6:50,6:44,238,226,-6,6:55,11,0,0,0,0,0
DL,9/30/2025,782,N114DN,ATL,8:35,8:25,263,248,-10,8:43,18,0,0,0,0,0
DL,9/30/2025,783,N585NW,ATL,21:40,21:38,260,239,-2,21:53,15,0,0,0,0,0
DL,9/30/2025,792,N331DN,MSP,6:15,6:03,218,213,-12,6:23,20,0,0,0,0,0
DL,9/30/2025,799,N591DT,MSP,8:00,8:39,219,192,39,8:51,12,0,0,0,0,0
DL,9/30/2025,802,N582NW,DTW,12:00,11:57,260,241,-3,12:09,12,0,0,0,0,0
DL,9/30/2025,811,N574DT,MIA,9:05,9:26,302,282,21,9:40,14,0,0,0,0,0
DL,9/30/2025,858,N831DN,BNA,15:00,14:55,236,222,-5,15:05,10,0,0,0,0,0
DL,9/30/2025,867,N575DN,MCO,10:45,10:40,300,285,-5,10:53,13,0,0,0,0,0
DL,9/30/2025,872,N837DN,MSY,6:45,6:41,223,209,-4,6:54,13,0,0,0,0,0
DL,9/30/2025,909,N3759,IND,9:00,8:59,235,228,-1,9:10,11,0,0,0,0,0
DL,9/30/2025,910,N513DA,TPA,22:17,22:07,276,269,-10,22:20,13,0,0,0,0,0
DL,9/30/2025,914,N310DN,MSP,13:20,13:12,216,198,-8,13:24,12,0,0,0,0,0
DL,9/30/2025,915,N189DN,JFK,23:55,23:49,331,329,-6,0:26,37,0,0,0,0,0
DL,9/30/2025,934,N186DN,JFK,6:00,5:56,333,353,-4,6:17,21,0,0,16,0,0
DL,9/30/2025,938,N178DZ,JFK,10:35,10:26,350,311,-9,10:39,13,0,0,0,0,0
DL,9/30/2025,939,N173DZ,JFK,13:10,13:04,340,313,-6,13:15,11,0,0,0,0,0
DL,9/30/2025,946,N356NW,AUS,6:30,6:15,179,182,-15,6:36,21,0,0,0,0,0
DL,9/30/2025,951,N830MH,JFK,11:45,11:40,342,314,-5,11:52,12,0,0,0,0,0
DL,9/30/2025,958,N828MH,JFK,9:35,9:29,350,322,-6,9:44,15,0,0,0,0,0
DL,9/30/2025,960,N831MH,JFK,21:33,21:23,327,313,-10,21:45,22,0,0,0,0,0
DL,9/30/2025,979,N831MH,JFK,7:00,6:54,329,321,-6,7:08,14,0,0,0,0,0
DL,9/30/2025,986,N339NW,AUS,10:40,10:30,184,177,-10,10:49,19,0,0,0,0,0
DL,9/30/2025,991,N197DN,JFK,15:27,15:24,332,311,-3,15:38,14,0,0,0,0,0
DL,9/30/2025,1024,N316NB,SAT,9:35,9:26,174,159,-9,9:38,12,0,0,0,0,0
DL,9/30/2025,1045,N507DZ,SEA,11:45,11:39,175,153,-6,11:50,11,0,0,0,0,0
DL,9/30/2025,1049,N371NB,DEN,20:23,20:18,141,123,-5,20:29,11,0,0,0,0,0
DL,9/30/2025,1143,N337NB,IAH,8:55,8:51,198,184,-4,9:00,9,0,0,0,0,0
DL,9/30/2025,1194,N397DN,SLC,11:36,11:22,113,104,-14,11:30,8,0,0,0,0,0
DL,9/30/2025,1219,N903DN,LAS,11:15,11:05,74,63,-10,11:18,13,0,0,0,0,0
DL,9/30/2025,1285,N334NB,SMF,21:55,21:43,81,87,-12,22:00,17,0,0,0,0,0
DL,9/30/2025,1287,N341NB,IAH,18:10,18:03,191,184,-7,18:11,8,0,0,0,0,0
DL,9/30/2025,1318,N890DN,SLC,7:00,6:50,113,103,-10,7:00,10,0,0,0,0,0
DL,9/30/2025,1421,N376DA,SFO,6:30,6:23,80,73,-7,6:38,15,0,0,0,0,0
DL,9/30/2025,1434,N870DN,SLC,9:55,9:45,114,95,-10,9:54,9,0,0,0,0,0
DL,9/30/2025,1483,N377DA,SLC,19:25,19:15,108,97,-10,19:28,13,0,0,0,0,0
DL,9/30/2025,1517,N341NB,MCI,9:30,9:22,193,181,-8,9:32,10,0,0,0,0,0
DL,9/30/2025,1551,N3759,SEA,19:34,19:31,171,177,-3,19:56,25,0,0,0,0,0
DL,9/30/2025,1559,N885DN,SFO,16:00,15:44,78,76,-16,16:03,19,0,0,0,0,0
DL,9/30/2025,1647,N102DN,SLC,13:25,14:26,112,107,61,14:42,16,55,0,0,0,1
DL,9/30/2025,1714,N391DA,SEA,9:50,9:43,175,161,-7,9:53,10,0,0,0,0,0
DL,9/30/2025,1715,N37700,SFO,8:35,8:28,83,88,-7,8:53,25,0,0,0,0,0
DL,9/30/2025,2004,N334NB,DEN,14:59,14:49,143,131,-10,14:56,7,0,0,0,0,0
DL,9/30/2025,2016,N316NB,MCI,18:10,17:54,190,181,-16,18:07,13,0,0,0,0,0
DL,9/30/2025,2054,N884DN,SFO,18:31,18:22,77,71,-9,18:35,13,0,0,0,0,0
DL,9/30/2025,2096,N376DA,MSY,12:00,11:52,226,205,-8,12:04,12,0,0,0,0,0
DL,9/30/2025,2120,N373DA,LAS,15:10,15:38,70,62,28,15:49,11,0,0,0,0,20
DL,9/30/2025,2130,N723TW,BOS,10:45,10:40,337,314,-5,10:51,11,0,0,0,0,0
DL,9/30/2025,2132,N391DA,MSY,18:20,18:09,218,204,-11,18:20,11,0,0,0,0,0
DL,9/30/2025,2198,N592NW,MSP,15:15,15:08,212,204,-7,15:22,14,0,0,0,0,0
DL,9/30/2025,2202,N905DN,LAS,19:16,19:08,72,67,-8,19:18,10,0,0,0,0,0
DL,9/30/2025,2253,N901DN,LAS,7:00,6:54,72,75,-6,7:17,23,0,0,0,0,0
DL,9/30/2025,2267,N37700,SFO,13:30,13:22,78,76,-8,13:36,14,0,0,0,0,0
DL,9/30/2025,2272,N373DA,SFO,10:20,10:11,85,130,-9,11:16,65,0,0,36,0,0
DL,9/30/2025,2311,N515DE,SLC,17:00,17:02,114,106,2,17:20,18,0,0,0,0,0
DL,9/30/2025,2457,N387DA,PDX,20:20,20:15,139,137,-5,20:27,12,0,0,0,0,0
DL,9/30/2025,2459,N348NB,PDX,16:35,16:24,142,138,-11,16:37,13,0,0,0,0,0
DL,9/30/2025,2551,N371NB,PDX,13:42,13:33,140,128,-9,13:44,11,0,0,0,0,0
DL,9/30/2025,2606,N775DE,SEA,14:10,14:00,169,157,-10,14:11,11,0,0,0,0,0
DL,9/30/2025,2640,N882DN,SEA,17:25,17:18,170,161,-7,17:29,11,0,0,0,0,0
DL,9/30/2025,2653,N367DN,LAS,22:02,21:51,72,67,-11,22:01,10,0,0,0,0,0
DL,9/30/2025,2686,N361NB,SAT,19:05,18:56,167,155,-9,19:06,10,0,0,0,0,0
DL,9/30/2025,2766,N348NB,PDX,9:25,9:17,140,136,-8,9:26,9,0,0,0,0,0
DL,9/30/2025,2828,N334NB,DEN,8:04,7:52,144,120,-12,8:01,9,0,0,0,0,0
DL,9/30/2025,2906,N572DT,SLC,6:00,13:06,115,105,426,13:22,16,416,0,0,0,0
DL,9/30/2025,2975,N371NB,PDX,6:50,6:39,143,131,-11,6:48,9,0,0,0,0,0
DL,9/30/2025,2980,N3732J,SEA,7:00,7:25,173,166,25,7:36,11,18,0,0,0,0
DL,9/30/2025,2986,N376DA,SFO,21:49,21:51,80,85,2,22:06,15,0,0,0,0,0
HA,9/30/2025,1,N782HA,HNL,8:40,8:40,349,323,0,8:54,14,0,0,0,0,0
HA,9/30/2025,3,N390HA,HNL,10:10,10:10,356,350,0,10:28,18,0,0,0,0,0
HA,9/30/2025,9,N379HA,HNL,17:41,18:17,350,326,36,18:29,12,0,0,0,0,0
HA,9/30/2025,33,N370HA,OGG,7:00,6:56,345,335,-4,7:15,19,0,0,0,0,0
HA,9/30/2025,63,N209HA,LIH,9:00,9:23,356,332,23,9:35,12,0,0,0,0,0
QX,9/30/2025,2014,N657QX,LAS,11:36,11:30,82,61,-6,11:41,11,0,0,0,0,0
QX,9/30/2025,2037,N637QX,GEG,10:06,10:03,159,160,-3,10:33,30,0,0,0,0,0
QX,9/30/2025,2046,N651QX,LAS,8:03,7:58,82,64,-5,8:10,12,0,0,0,0,0
QX,9/30/2025,2090,N651QX,MFR,12:10,11:54,123,109,-16,12:10,16,0,0,0,0,0
QX,9/30/2025,2128,N630QX,RNO,10:03,9:53,94,81,-10,10:08,15,0,0,0,0,0
QX,9/30/2025,2135,N647QX,SFO,8:50,8:49,88,89,-1,9:12,23,0,0,0,0,0
QX,9/30/2025,2141,N629QX,BOI,10:32,10:32,127,131,0,11:05,33,0,0,0,0,0
QX,9/30/2025,2153,N659QX,RNO,22:28,22:32,91,86,4,22:50,18,0,0,0,0,0
QX,9/30/2025,2162,N651QX,RDM,19:55,19:51,134,121,-4,20:03,12,0,0,0,0,0
QX,9/30/2025,2183,N657QX,LAS,15:46,15:39,83,64,-7,15:54,15,0,0,0,0,0
QX,9/30/2025,2184,N657QX,EUG,21:45,21:38,133,128,-7,21:51,13,0,0,0,0,0
QX,9/30/2025,2186,N660QX,MFR,21:59,22:11,119,105,12,22:21,10,0,0,0,0,0
QX,9/30/2025,2228,N637QX,LAS,19:55,19:51,82,64,-4,20:04,13,0,0,0,0,0
QX,9/30/2025,2279,N627QX,PAE,13:21,13:53,167,167,32,14:14,21,0,0,0,0,32
B6,9/30/2025,100,N937JB,FLL,11:20,11:10,307,288,-10,11:20,10,0,0,0,0,0
B6,9/30/2025,124,N968JT,JFK,7:30,7:21,333,319,-9,7:45,24,0,0,0,0,0
B6,9/30/2025,188,N2169J,BOS,13:30,13:23,357,330,-7,13:36,13,0,0,0,0,0
B6,9/30/2025,224,N2142J,JFK,13:25,13:23,335,316,-2,13:38,15,0,0,0,0,0
B6,9/30/2025,288,N990JL,BOS,9:00,8:51,359,330,-9,9:02,11,0,0,0,0,0
B6,9/30/2025,324,N942JB,JFK,12:25,12:14,335,329,-11,12:29,15,0,0,0,0,0
B6,9/30/2025,424,N2165J,JFK,10:05,10:00,331,303,-5,10:13,13,0,0,0,0,0
B6,9/30/2025,524,N986JB,JFK,11:25,11:16,334,318,-9,11:27,11,0,0,0,0,0
B6,9/30/2025,700,N964JT,FLL,21:22,21:13,303,279,-9,21:24,11,0,0,0,0,0
B6,9/30/2025,888,N981JT,BOS,6:00,5:57,334,315,-3,6:14,17,0,0,0,0,0
B6,9/30/2025,924,N947JB,JFK,14:24,14:19,335,311,-5,14:30,11,0,0,0,0,0
B6,9/30/2025,988,N984JB,BOS,21:45,21:36,340,323,-9,21:50,14,0,0,0,0,0
B6,9/30/2025,1024,N2180J,JFK,22:29,22:15,331,315,-14,22:33,18,0,0,0,0,0
B6,9/30/2025,1200,N929JB,FLL,13:55,13:42,307,285,-13,13:59,17,0,0,0,0,0
B6,9/30/2025,1224,N977JE,JFK,23:59,23:54,331,321,-5,0:14,20,0,0,0,0,0
B6,9/30/2025,1524,N988JT,JFK,20:35,20:26,325,316,-9,20:40,14,0,0,0,0,0
B6,9/30/2025,1574,N968JT,EWR,22:30,22:31,324,319,1,22:52,21,0,0,0,0,0
B6,9/30/2025,1700,N984JB,FLL,8:20,8:11,307,286,-9,8:25,14,0,0,0,0,0
B6,9/30/2025,2074,N964JT,EWR,7:30,7:12,329,308,-18,7:28,16,0,0,0,0,0
OO,9/30/2025,3043,N402SY,EUG,8:11,8:06,136,132,-5,8:24,18,0,0,0,0,0
OO,9/30/2025,3051,N170SY,SFO,22:34,23:10,85,82,36,23:22,12,0,0,0,0,33
OO,9/30/2025,3303,N184SY,PSC,21:16,21:06,159,134,-10,21:17,11,0,0,0,0,0
OO,9/30/2025,3325,N195SY,SFO,19:08,19:05,89,102,-3,19:40,35,0,0,0,0,0
OO,9/30/2025,3342,N403SY,SFO,11:12,11:05,91,96,-7,11:35,30,0,0,0,0,0
OO,9/30/2025,3377,N187SY,STS,9:30,9:29,104,92,-1,9:47,18,0,0,0,0,0
OO,9/30/2025,3385,N407SY,STS,17:30,17:18,102,110,-12,17:37,19,0,0,0,0,0
OO,9/30/2025,3387,N178SY,SJC,21:22,21:14,81,68,-8,21:28,14,0,0,0,0,0
OO,9/30/2025,3394,N430SY,BOI,19:45,19:34,129,117,-11,19:53,19,0,0,0,0,0
OO,9/30/2025,3407,N178SY,SFO,16:41,16:34,92,81,-7,16:53,19,0,0,0,0,0
OO,9/30/2025,3454,N407SY,SJC,12:51,12:46,84,71,-5,12:57,11,0,0,0,0,0
OO,9/30/2025,3504,N242SY,BOI,19:59,19:58,121,111,-1,20:08,10,0,0,0,0,0
OO,9/30/2025,3519,N614CZ,ABQ,20:15,20:07,116,109,-8,20:22,15,0,0,0,0,0
OO,9/30/2025,3521,N260SY,ABQ,8:55,8:45,122,102,-10,8:58,13,0,0,0,0,0
OO,9/30/2025,3522,N261SY,SMF,17:45,17:42,89,88,-3,17:59,17,0,0,0,0,0
OO,9/30/2025,3524,N776SK,TUS,14:15,14:08,95,90,-7,14:28,20,0,0,0,0,0
OO,9/30/2025,3538,N296SY,PHX,17:36,17:29,89,76,-7,17:40,11,0,0,0,0,0
OO,9/30/2025,3576,N255SY,GEG,18:59,18:47,152,150,-12,19:00,13,0,0,0,0,0
OO,9/30/2025,3632,N296SY,SJC,13:29,13:21,76,66,-8,13:31,10,0,0,0,0,0
OO,9/30/2025,3634,N610CZ,SJC,16:59,16:51,75,65,-8,16:59,8,0,0,0,0,0
OO,9/30/2025,3694,N258SY,BOI,11:59,11:54,125,111,-5,12:03,9,0,0,0,0,0
OO,9/30/2025,3704,N738SK,ASE,14:45,14:53,128,128,8,15:19,26,0,0,0,0,0
OO,9/30/2025,3746,N296SY,SAN,22:04,21:56,55,38,-8,22:04,8,0,0,0,0,0
OO,9/30/2025,3755,N241SY,SMF,10:23,10:14,92,87,-9,10:32,18,0,0,0,0,0
OO,9/30/2025,3759,N614CZ,SMF,15:40,15:33,88,85,-7,15:50,17,0,0,0,0,0
OO,9/30/2025,3762,N296SY,SJC,9:18,9:11,76,69,-7,9:24,13,0,0,0,0,0
OO,9/30/2025,3766,N738SK,TUS,9:40,9:32,94,83,-8,9:49,17,0,0,0,0,0
OO,9/30/2025,3794,N243SY,GEG,11:20,11:11,155,146,-9,11:26,15,0,0,0,0,0
OO,9/30/2025,3812,N610CZ,SMF,12:28,12:24,87,78,-4,12:36,12,0,0,0,0,0
OO,9/30/2025,3822,N610CZ,SMF,7:54,7:50,89,83,-4,8:03,13,0,0,0,0,0
OO,9/30/2025,3827,N610CZ,PHX,21:14,21:08,87,76,-6,21:16,8,0,0,0,0,0
OO,9/30/2025,3846,N776SK,TUS,19:00,19:07,93,88,7,19:24,17,0,0,0,0,0
OO,9/30/2025,3883,N258SY,SJC,18:00,17:52,73,70,-8,18:01,9,0,0,0,0,0
OO,9/30/2025,3894,N255SY,PHX,14:00,13:57,90,81,-3,14:13,16,0,0,0,0,0
OO,9/30/2025,3902,N614CZ,SJC,11:33,11:24,77,73,-9,11:40,16,0,0,0,0,0
OO,9/30/2025,3929,N312SY,RNO,20:45,20:36,91,78,-9,20:46,10,0,0,0,0,0
OO,9/30/2025,3951,N312SY,PHX,10:07,9:58,88,75,-9,10:10,12,0,0,0,0,0
OO,9/30/2025,3983,N243SY,SJC,21:41,21:41,74,71,0,21:55,14,0,0,0,0,0
OO,9/30/2025,4001,N261SY,SAN,14:30,14:24,55,52,-6,14:38,14,0,0,0,0,0
OO,9/30/2025,4018,N258SY,SAN,8:20,8:14,59,39,-6,8:23,9,0,0,0,0,0
OO,9/30/2025,4087,N243SY,SAN,18:12,18:06,54,52,-6,18:27,21,0,0,0,0,0
OO,9/30/2025,4091,N312SY,ABQ,14:55,14:44,121,109,-11,14:55,11,0,0,0,0,0
OO,9/30/2025,4099,N261SY,RNO,9:53,9:45,92,89,-8,10:01,16,0,0,0,0,0
OO,9/30/2025,4119,N614CZ,PHX,7:00,6:49,87,88,-11,7:18,29,0,0,0,0,0
OO,9/30/2025,4123,N243SY,SJC,7:05,6:54,76,76,-11,7:12,18,0,0,0,0,0
OO,9/30/2025,4126,N241SY,RNO,15:00,14:58,90,76,-2,15:08,10,0,0,0,0,0
OO,9/30/2025,4643,N602UX,SAN,9:17,9:15,70,45,-2,9:28,13,0,0,0,0,0
OO,9/30/2025,4682,N85379,BOI,10:15,10:09,135,131,-6,10:30,21,0,0,0,0,0
OO,9/30/2025,4696,N85379,SLC,16:25,16:20,122,107,-5,16:37,17,0,0,0,0,0
OO,9/30/2025,4756,N605UX,ACV,13:15,13:14,122,123,-1,13:33,19,0,0,0,0,0
OO,9/30/2025,4796,N85373,SBA,23:03,22:56,56,40,-7,23:09,13,0,0,0,0,0
OO,9/30/2025,4894,N509SY,XNA,9:12,9:12,207,194,0,9:27,15,0,0,0,0,0
OO,9/30/2025,4898,N514SY,AUS,14:15,14:11,184,171,-4,14:22,11,0,0,0,0,0
OO,9/30/2025,4904,N511SY,SFO,19:00,18:54,81,116,-6,19:39,45,29,0,0,0,0
OO,9/30/2025,4905,N509SY,ELP,18:54,18:46,120,104,-8,18:56,10,0,0,0,0,0
OO,9/30/2025,4927,N774SK,TUS,15:14,15:04,93,91,-10,15:22,18,0,0,0,0,0
OO,9/30/2025,4941,N745SK,OKC,13:46,13:41,178,167,-5,14:06,25,0,0,0,0,0
OO,9/30/2025,4962,N502SY,SAT,14:30,14:23,177,158,-7,14:35,12,0,0,0,0,0
OO,9/30/2025,4967,N740SK,JAC,12:50,12:40,137,135,-10,12:58,18,0,0,0,0,0
OO,9/30/2025,4996,N511SY,OKC,9:30,9:21,179,161,-9,9:34,13,0,0,0,0,0
OO,9/30/2025,5066,N464SW,PRC,20:05,20:08,85,78,3,20:24,16,0,0,0,0,0
OO,9/30/2025,5117,N448SW,SGU,13:25,13:17,101,90,-8,13:35,18,0,0,0,0,0
OO,9/30/2025,5222,N624UX,PHX,13:10,13:05,95,90,-5,13:17,12,0,0,0,0,0
OO,9/30/2025,5250,N85379,PHX,22:40,22:34,95,84,-6,22:55,21,0,0,0,0,0
OO,9/30/2025,5299,N606UX,FAT,10:35,10:27,84,68,-8,10:48,21,0,0,0,0,0
OO,9/30/2025,5345,N624UX,PSP,19:10,19:07,63,51,-3,19:19,12,0,0,0,0,0
OO,9/30/2025,5370,N608UX,RDM,12:47,12:37,137,116,-10,12:48,11,0,0,0,0,0
OO,9/30/2025,5380,N629SY,FAT,19:15,19:13,72,73,-2,19:41,28,0,0,0,0,0
OO,9/30/2025,5398,N608UX,MRY,20:35,20:37,78,64,2,20:50,13,0,0,0,0,0
OO,9/30/2025,5410,N86371,RNO,10:15,10:12,102,90,-3,10:31,19,0,0,0,0,0
OO,9/30/2025,5411,N602UX,RNO,21:07,21:05,97,92,-2,21:23,18,0,0,0,0,0
OO,9/30/2025,5415,N603UX,SAN,18:50,18:44,62,50,-6,19:01,17,0,0,0,0,0
OO,9/30/2025,5430,N605UX,SMF,21:35,21:26,95,103,-9,21:44,18,0,0,0,0,0
OO,9/30/2025,5523,N85369,SBP,22:40,22:33,63,55,-7,22:55,22,0,0,0,0,0
OO,9/30/2025,5537,N603UX,SMF,8:15,8:10,98,91,-5,8:33,23,0,0,0,0,0
OO,9/30/2025,5550,N629SY,SBP,13:00,12:56,64,54,-4,13:16,20,0,0,0,0,0
OO,9/30/2025,5553,N103SY,ASE,9:19,9:14,137,128,-5,9:29,15,0,0,0,0,0
OO,9/30/2025,5564,N603UX,SMF,13:04,12:59,95,79,-5,13:08,9,0,0,0,0,0
OO,9/30/2025,5591,N86371,FAT,16:10,16:04,77,76,-6,16:29,25,0,0,0,0,0
OO,9/30/2025,5612,N603UX,SAN,22:39,22:31,62,59,-8,23:00,29,0,0,0,0,0
OO,9/30/2025,5630,N608UX,MRY,8:24,8:14,81,68,-10,8:34,20,0,0,0,0,0
OO,9/30/2025,5893,N602UX,SBA,15:18,15:13,55,47,-5,15:28,15,0,0,0,0,0
OO,9/30/2025,5955,N85373,SLC,9:25,9:19,122,114,-6,9:36,17,0,0,0,0,0
OO,9/30/2025,5960,N624UX,PHX,8:15,8:07,95,80,-8,8:21,14,0,0,0,0,0
OO,9/30/2025,6230,N517SY,IAH,8:00,7:53,209,187,-7,8:06,13,0,0,0,0,0
OO,9/30/2025,6238,N515SY,SFO,14:35,14:25,86,75,-10,14:39,14,0,0,0,0,0
OO,9/30/2025,6262,N515SY,SFO,9:30,9:22,91,105,-8,10:00,38,0,0,0,0,0
OO,9/30/2025,6304,N732SK,SEA,19:07,18:57,171,191,-10,19:13,16,0,0,0,0,0
OO,9/30/2025,6315,N515SY,TUS,19:57,19:54,90,85,-3,20:06,12,0,0,0,0,0
OO,9/30/2025,6319,N614SK,TUL,9:30,10:42,189,180,72,11:00,18,63,0,0,0,0
OO,9/30/2025,6385,N517SY,OKC,17:33,17:24,177,171,-9,17:39,15,0,0,0,0,0
OO,9/30/2025,6422,N502SY,DEN,8:00,7:53,143,129,-7,8:12,19,0,0,0,0,0
OO,9/30/2025,6424,N740SK,PDX,18:49,18:38,147,154,-11,18:51,13,0,0,0,0,0
OO,9/30/2025,6429,N702SK,SMF,17:25,17:16,95,75,-9,17:25,9,0,0,0,0,0
OO,9/30/2025,6435,N745SK,ABQ,8:20,8:16,123,121,-4,8:41,25,0,0,0,0,0
OO,9/30/2025,6438,N732SK,SEA,11:53,11:44,176,156,-9,11:57,13,0,0,0,0,0
OO,9/30/2025,6453,N507SY,ELP,9:02,8:56,127,113,-6,9:11,15,0,0,0,0,0
OO,9/30/2025,6458,N614SK,ABQ,20:40,20:22,117,109,-18,20:43,21,0,0,0,0,0
OO,9/30/2025,6459,N774SK,TUS,8:17,8:07,97,83,-10,8:19,12,0,0,0,0,0
OO,9/30/2025,6471,N702SK,JAC,9:02,9:00,142,127,-2,9:14,14,0,0,0,0,0
OO,9/30/2025,6486,N514SY,LAS,9:35,9:24,81,87,-11,9:51,27,0,0,0,0,0
OO,9/30/2025,6499,N507SY,LAS,15:00,14:54,78,70,-6,15:11,17,0,0,0,0,0
OO,9/30/2025,6505,N730EV,DEN,19:46,19:34,139,159,-12,19:53,19,0,0,0,0,0
OO,9/30/2025,6506,N505SY,OMA,12:40,12:38,197,174,-2,12:49,11,0,0,0,0,0
WN,9/30/2025,178,N8633A,SMF,17:30,17:27,85,74,-3,17:34,7,0,0,0,0,0
WN,9/30/2025,346,N8864H,MCI,10:30,10:27,195,184,-3,10:41,14,0,0,0,0,0
WN,9/30/2025,489,N256WN,RNO,14:00,13:56,80,75,-4,14:04,8,0,0,0,0,0
WN,9/30/2025,652,N7855A,SFO,11:40,11:32,80,69,-8,11:42,10,0,0,0,0,0
WN,9/30/2025,894,N8682B,BWI,21:00,20:59,300,279,-1,21:07,8,0,0,0,0,0
WN,9/30/2025,1005,N8939Q,DEN,14:35,14:35,145,126,0,14:47,12,0,0,0,0,0
WN,9/30/2025,1101,N8825Q,SJC,9:55,9:54,75,71,-1,10:09,15,0,0,0,0,0
WN,9/30/2025,1144,N7865A,SMF,10:55,11:07,90,72,12,11:15,8,0,0,0,0,0
WN,9/30/2025,1252,N220WN,BWI,10:15,10:15,300,282,0,10:24,9,0,0,0,0,0
WN,9/30/2025,1375,N8581Z,MDW,13:10,13:09,235,219,-1,13:21,12,0,0,0,0,0
WN,9/30/2025,1411,N8319F,PHX,11:45,11:38,85,66,-7,11:45,7,0,0,0,0,0
WN,9/30/2025,1487,N8511K,LAS,20:45,20:41,75,59,-4,20:51,10,0,0,0,0,0
WN,9/30/2025,1540,N250WN,OAK,14:10,14:08,80,70,-2,14:15,7,0,0,0,0,0
WN,9/30/2025,1614,N8577Z,BWI,7:05,7:01,305,287,-4,7:15,14,0,0,0,0,0
WN,9/30/2025,1615,N8328A,DAL,9:50,9:55,185,160,5,10:02,7,0,0,0,0,0
WN,9/30/2025,1729,N7730A,OAK,9:30,9:26,85,73,-4,9:33,7,0,0,0,0,0
WN,9/30/2025,1748,N8664J,PHX,6:50,6:48,85,66,-2,6:57,9,0,0,0,0,0
WN,9/30/2025,1761,N467WN,OAK,6:30,6:28,75,73,-2,6:40,12,0,0,0,0,0
WN,9/30/2025,1765,N8825Q,OAK,19:45,19:43,80,70,-2,19:52,9,0,0,0,0,0
WN,9/30/2025,1959,N7722B,ABQ,13:15,13:10,115,102,-5,13:23,13,0,0,0,0,0
WN,9/30/2025,2159,N8608N,BNA,9:05,9:05,245,225,0,9:16,11,0,0,0,0,0
WN,9/30/2025,2168,N8809L,HOU,5:20,5:15,200,187,-5,5:30,15,0,0,0,0,0
WN,9/30/2025,2224,N8769Q,AUS,16:35,16:32,185,162,-3,16:43,11,0,0,0,0,0
WN,9/30/2025,2230,N936WN,SJC,17:45,17:49,75,62,4,17:56,7,0,0,0,0,0
WN,9/30/2025,2255,N8691A,SFO,18:30,18:55,80,107,25,19:37,42,25,0,27,0,0
WN,9/30/2025,2278,N8326F,PHX,8:30,8:27,85,79,-3,8:46,19,0,0,0,0,0
WN,9/30/2025,2287,N7715E,DAL,15:55,15:55,185,165,0,16:02,7,0,0,0,0,0
WN,9/30/2025,2416,N8797Q,DEN,8:55,8:55,135,128,0,9:06,11,0,0,0,0,0
WN,9/30/2025,2475,N8576Z,HOU,12:10,12:49,200,169,39,12:56,7,0,0,0,0,0
WN,9/30/2025,2476,N427WN,SMF,14:40,14:46,90,77,6,14:59,13,0,0,0,0,0
WN,9/30/2025,2484,N8310C,SMF,8:05,8:00,85,76,-5,8:09,9,0,0,0,0,0
WN,9/30/2025,2497,N8952Q,LAS,16:15,16:08,75,59,-7,16:20,12,0,0,0,0,0
WN,9/30/2025,2675,N8560Z,DAL,6:45,6:40,185,163,-5,6:50,10,0,0,0,0,0
WN,9/30/2025,2676,N7873A,STL,16:30,16:25,225,199,-5,16:33,8,0,0,0,0,0
WN,9/30/2025,2754,N8713M,HOU,23:50,23:48,195,191,-2,0:10,22,0,0,0,0,0
WN,9/30/2025,2849,N214WN,LAS,10:40,10:32,75,59,-8,10:42,10,0,0,0,0,0
WN,9/30/2025,2899,N8560Z,PHX,14:50,14:46,90,71,-4,14:55,9,0,0,0,0,0
WN,9/30/2025,2911,N902WN,MDW,6:10,6:10,235,229,0,6:25,15,0,0,0,0,0
WN,9/30/2025,2921,N8714Q,LAS,14:15,14:19,75,66,4,14:36,17,0,0,0,0,0
WN,9/30/2025,3071,N7889A,TUS,13:50,13:44,85,77,-6,13:52,8,0,0,0,0,0
WN,9/30/2025,3151,N8797Q,DEN,18:25,18:26,140,119,1,18:36,10,0,0,0,0,0
WN,9/30/2025,3170,N7868K,SFO,7:55,7:54,80,103,-1,8:39,45,0,0,22,0,0
WN,9/30/2025,3185,N969WN,DEN,6:15,7:10,140,131,55,7:28,18,46,0,0,0,0
WN,9/30/2025,3188,N453WN,MCO,22:10,22:16,290,262,6,22:23,7,0,0,0,0,0
WN,9/30/2025,3196,N7721E,LAS,9:05,9:07,75,58,2,9:18,11,0,0,0,0,0
WN,9/30/2025,3371,N8708Q,AUS,7:45,7:36,175,167,-9,7:50,14,0,0,0,0,0
WN,9/30/2025,3372,N8801Q,BNA,22:55,22:49,245,216,-6,22:58,9,0,0,0,0,0
WN,9/30/2025,3384,N8935Q,DEN,12:40,12:56,140,122,16,13:10,14,0,0,0,0,0
WN,9/30/2025,3385,N8768Q,HNL,7:25,7:27,355,333,2,7:37,10,0,0,0,0,0
WN,9/30/2025,3394,N959WN,MDW,16:40,16:59,240,218,19,17:09,10,0,0,0,0,0
WN,9/30/2025,3396,N8548P,MDW,23:15,23:14,235,211,-1,23:21,7,0,0,0,0,0
WN,9/30/2025,3397,N280WN,MSY,9:35,9:34,225,212,-1,9:48,14,0,0,0,0,0
WN,9/30/2025,3404,N1806U,OAK,11:30,11:26,80,69,-4,11:37,11,0,0,0,0,0
WN,9/30/2025,3416,N8961K,PHX,20:40,20:51,90,70,11,21:00,9,0,0,0,0,0
WN,9/30/2025,3419,N483WN,SAT,11:20,11:51,170,152,31,12:00,9,0,0,0,0,0
WN,9/30/2025,3424,N7866A,SJC,15:20,15:18,75,61,-2,15:26,8,0,0,0,0,0
WN,9/30/2025,3428,N7877H,SJC,7:20,7:21,75,63,1,7:30,9,0,0,0,0,0
WN,9/30/2025,3436,N1807U,STL,8:40,8:40,215,203,0,8:50,10,0,0,0,0,0
WN,9/30/2025,3556,N8629A,ELP,10:20,10:19,115,110,-1,10:34,15,0,0,0,0,0
WN,9/30/2025,3887,N460WN,SLC,7:30,7:22,105,107,-8,7:35,13,0,0,0,0,0
WN,9/30/2025,4122,N8792Q,PHX,17:10,17:00,90,72,-10,17:10,10,0,0,0,0,0
WN,9/30/2025,4526,N8642E,OAK,18:20,18:15,85,71,-5,18:24,9,0,0,0,0,0
NK,9/30/2025,262,N988NK,EWR,7:35,7:29,325,306,-6,7:46,17,0,0,0,0,0
NK,9/30/2025,309,N655NK,ATL,22:23,22:19,264,245,-4,22:32,13,0,0,0,0,0
NK,9/30/2025,1228,N983NK,DFW,18:41,18:31,184,162,-10,18:41,10,0,0,0,0,0
NK,9/30/2025,1514,N634NK,IAH,17:07,17:06,199,185,-1,17:15,9,0,0,0,0,0
NK,9/30/2025,1542,N989NK,ATL,12:22,12:15,262,248,-7,12:30,15,0,0,0,0,0
NK,9/30/2025,1596,N706NK,BWI,23:02,22:56,299,278,-6,23:08,12,0,0,0,0,0
NK,9/30/2025,1663,N962NK,DTW,10:31,10:22,271,254,-9,10:33,11,0,0,0,0,0
NK,9/30/2025,1818,N645NK,ORD,12:05,11:58,249,218,-7,12:07,9,0,0,0,0,0
NK,9/30/2025,2005,N654NK,DTW,5:30,5:19,266,250,-11,5:31,12,0,0,0,0,0
NK,9/30/2025,2088,N989NK,LAS,6:15,6:09,85,59,-6,6:22,13,0,0,0,0,0
NK,9/30/2025,2310,N629NK,DFW,0:45,0:40,185,162,-5,0:52,12,0,0,0,0,0
NK,9/30/2025,2592,N740NK,LAS,9:36,9:32,90,72,-4,9:55,23,0,0,0,0,0
NK,9/30/2025,3011,N644NK,LAS,19:50,19:41,89,68,-9,19:52,11,0,0,0,0,0
NK,9/30/2025,3224,N962NK,IAH,23:10,23:12,200,186,2,23:23,11,0,0,0,0,0
NK,9/30/2025,3830,N983NK,MCI,9:52,9:42,198,177,-10,9:52,10,0,0,0,0,0
UA,9/30/2025,212,N14511,ORD,17:00,17:09,255,230,9,17:24,15,0,0,0,0,0
UA,9/30/2025,417,N27274,OGG,8:15,8:53,345,326,38,9:08,15,19,0,0,0,0
UA,9/30/2025,469,N14230,SFO,13:35,13:30,87,80,-5,13:43,13,0,0,0,0,0
UA,9/30/2025,491,N37540,IAH,0:56,0:46,196,187,-10,1:08,22,0,0,0,0,0
UA,9/30/2025,578,N54525,DEN,7:00,6:51,147,153,-9,7:06,15,0,0,0,0,0
UA,9/30/2025,654,N53442,IAH,5:31,5:22,201,185,-9,5:34,12,0,0,0,0,0
UA,9/30/2025,684,N69839,SEA,18:58,18:53,175,169,-5,19:07,14,0,0,0,0,0
UA,9/30/2025,688,N39463,IAD,8:15,8:09,309,307,-6,8:26,17,0,0,0,0,0
UA,9/30/2025,1006,N69847,LAS,8:15,8:02,82,62,-13,8:13,11,0,0,0,0,0
UA,9/30/2025,1069,N57869,ORD,12:34,12:32,258,265,-2,12:44,12,0,0,0,0,0
UA,9/30/2025,1082,N24537,ORD,6:00,5:50,258,236,-10,6:05,15,0,0,0,0,0
UA,9/30/2025,1093,N27276,SEA,9:00,8:50,176,161,-10,9:05,15,0,0,0,0,0
UA,9/30/2025,1158,N771UA,HNL,8:35,9:23,343,334,48,9:45,22,39,0,0,0,0
UA,9/30/2025,1170,N777UA,HNL,17:10,17:10,339,331,0,17:26,16,0,0,0,0,0
UA,9/30/2025,1244,N24514,ORD,13:20,13:16,255,260,-4,13:28,12,0,0,0,0,0
UA,9/30/2025,1260,N39423,DEN,11:00,10:51,148,128,-9,11:04,13,0,0,0,0,0
UA,9/30/2025,1289,N77431,DEN,12:54,12:50,143,122,-4,13:01,11,0,0,0,0,0
UA,9/30/2025,1293,N69847,IAH,13:21,13:20,202,179,-1,13:32,12,0,0,0,0,0
UA,9/30/2025,1339,N17594,DEN,5:05,4:54,143,126,-11,5:09,15,0,0,0,0,0
UA,9/30/2025,1363,N37267,SFO,17:39,17:36,86,73,-3,17:52,16,0,0,0,0,0
UA,9/30/2025,1397,N77867,IAH,7:15,7:08,204,186,-7,7:21,13,0,0,0,0,0
UA,9/30/2025,1416,N47570,IAH,8:45,8:38,204,177,-7,8:49,11,0,0,0,0,0
UA,9/30/2025,1431,N73860,HNL,11:05,11:02,356,352,-3,11:23,21,0,0,0,0,0
UA,9/30/2025,1546,N69847,LAS,22:56,22:55,79,64,-1,23:10,15,0,0,0,0,0
UA,9/30/2025,1571,N68834,IAH,10:15,10:08,203,186,-7,10:24,16,0,0,0,0,0
UA,9/30/2025,1596,N78501,SFO,11:40,11:33,90,70,-7,11:46,13,0,0,0,0,0
UA,9/30/2025,1605,N17312,BWI,23:05,23:00,308,297,-5,23:15,15,0,0,0,0,0
UA,9/30/2025,1621,N47414,MCO,8:23,8:16,306,282,-7,8:31,15,0,0,0,0,0
UA,9/30/2025,1631,N47570,IAD,21:35,21:28,303,293,-7,21:54,26,0,0,0,0,0
UA,9/30/2025,1635,N57870,IAD,13:00,12:51,301,285,-9,13:06,15,0,0,0,0,0
UA,9/30/2025,1700,N17133,EWR,16:30,16:24,328,300,-6,16:39,15,0,0,0,0,0
UA,9/30/2025,1730,N47282,MCO,21:33,21:31,297,279,-2,21:47,16,0,0,0,0,0
UA,9/30/2025,1783,N37577,BOS,8:29,8:22,343,330,-7,8:44,22,0,0,0,0,0
UA,9/30/2025,1791,N16234,SFO,10:26,10:21,90,127,-5,11:29,68,0,0,32,0,0
UA,9/30/2025,1800,N17317,TPA,22:40,22:32,290,265,-8,22:46,14,0,0,0,0,0
UA,9/30/2025,1843,N14539,ORD,23:59,0:06,251,248,7,0:39,33,0,0,0,0,0
UA,9/30/2025,1855,N29977,EWR,13:30,13:29,310,297,-1,13:41,12,0,0,0,0,0
UA,9/30/2025,1912,N57864,DEN,9:00,8:52,146,128,-8,9:09,17,0,0,0,0,0
UA,9/30/2025,1946,N24505,ORD,8:25,8:19,260,253,-6,8:33,14,0,0,0,0,0
UA,9/30/2025,1950,N12125,EWR,12:15,12:08,331,332,-7,12:25,17,0,0,0,0,0
UA,9/30/2025,1981,N14120,EWR,11:15,11:14,333,335,-1,11:29,15,0,0,0,0,0
UA,9/30/2025,1990,N27277,AUS,10:35,10:29,183,174,-6,10:49,20,0,0,0,0,0
UA,9/30/2025,1997,N13227,SFO,8:15,8:08,90,111,-7,8:47,39,0,0,0,0,0
UA,9/30/2025,2019,N16234,SFO,16:10,16:01,87,73,-9,16:18,17,0,0,0,0,0
UA,9/30/2025,2039,N77584,BWI,10:15,10:11,306,297,-4,10:31,20,0,0,0,0,0
UA,9/30/2025,2056,N27277,SFO,21:30,21:23,86,92,-7,21:38,15,0,0,0,0,0
UA,9/30/2025,2086,N37510,IAH,11:54,11:47,204,186,-7,12:02,15,0,0,0,0,0
UA,9/30/2025,2096,N34131,EWR,8:25,8:20,336,323,-5,8:39,19,0,0,0,0,0
UA,9/30/2025,2113,N14530,ORD,10:52,10:42,260,248,-10,10:56,14,0,0,0,0,0
UA,9/30/2025,2127,N17139,EWR,10:15,10:07,335,316,-8,10:23,16,0,0,0,0,0
UA,9/30/2025,2146,N77518,DEN,16:13,16:14,147,152,1,16:27,13,0,0,0,0,0
UA,9/30/2025,2150,N47330,BZN,11:00,10:55,153,146,-5,11:19,24,0,0,0,0,0
UA,9/30/2025,2194,N73275,SFO,6:00,5:48,85,74,-12,6:01,13,0,0,0,0,0
UA,9/30/2025,2210,N27519,BOS,23:20,23:12,339,337,-8,23:42,30,0,0,0,0,0
UA,9/30/2025,2220,N73275,SFO,20:20,20:12,87,115,-8,20:56,44,0,0,20,0,0
UA,9/30/2025,2282,N39463,IAD,22:35,22:25,304,292,-10,22:42,17,0,0,0,0,0
UA,9/30/2025,2303,N772UA,EWR,23:59,23:48,310,314,-11,0:22,34,0,0,0,0,0
UA,9/30/2025,2310,N66893,IAH,23:59,23:56,198,194,-3,0:16,20,0,0,0,0,0
UA,9/30/2025,2359,N13113,EWR,6:00,5:54,325,304,-6,6:08,14,0,0,0,0,0
UA,9/30/2025,2372,N77584,IAD,23:05,22:57,304,282,-8,23:13,16,0,0,0,0,0
UA,9/30/2025,2373,N17317,KOA,9:03,8:58,347,324,-5,9:15,17,0,0,0,0,0
UA,9/30/2025,2377,N69818,IAH,16:15,16:21,202,185,6,16:37,16,0,0,0,0,0
UA,9/30/2025,2397,N784UA,EWR,21:00,20:55,305,288,-5,21:09,14,0,0,0,0,0
UA,9/30/2025,2443,N17413,CLE,10:55,10:45,277,253,-10,10:58,13,0,0,0,0,0
UA,9/30/2025,2449,N53442,LAS,14:55,14:46,79,65,-9,15:00,14,0,0,0,0,0
UA,9/30/2025,2487,N14523,ORD,14:10,14:04,255,249,-6,14:18,14,0,0,0,0,0
UA,9/30/2025,2610,N24519,DEN,19:00,18:58,147,132,-2,19:14,16,0,0,0,0,0
UA,9/30/2025,2667,N68452,IAD,10:37,10:32,302,295,-5,10:48,16,0,0,0,0,0
UA,9/30/2025,2743,N779UA,EWR,7:00,7:07,323,303,7,7:25,18,0,0,0,0,0
UA,9/30/2025,2745,N14548,DEN,14:52,14:43,147,141,-9,15:04,21,0,0,0,0,0
